,date,variable,value
0,2020-05-19,Beau,52
1,2020-05-20,Beau,30
2,2020-05-21,Beau,35
3,2020-05-22,Beau,40
4,2020-05-23,Beau,33
5,2020-05-24,Beau,31
6,2020-05-25,Beau,41
7,2020-05-26,Beau,30
8,2020-05-27,Beau,30
9,2020-05-28,Beau,43
10,2020-05-29,Beau,30
11,2020-05-30,Beau,34
12,2020-05-31,Beau,32
13,2020-06-01,Beau,47
14,2020-06-02,Beau,29
15,2020-06-03,Beau,32
16,2020-06-04,Beau,28
17,2020-06-05,Beau,35
18,2020-06-06,Beau,29
19,2020-06-07,Beau,24
20,2020-06-08,Beau,31
21,2020-06-09,Beau,55
22,2020-06-10,Beau,33
23,2020-06-11,Beau,32
24,2020-06-12,Beau,32
25,2020-06-13,Beau,48
26,2020-06-14,Beau,44
27,2020-06-15,Beau,33
28,2020-06-16,Beau,39
29,2020-06-17,Beau,30
30,2020-06-18,Beau,42
31,2020-06-19,Beau,53
32,2020-06-20,Beau,42
33,2020-06-21,Beau,23
34,2020-06-22,Beau,26
35,2020-06-23,Beau,35
36,2020-06-24,Beau,32
37,2020-06-25,Beau,37
38,2020-06-26,Beau,31
39,2020-06-27,Beau,40
40,2020-06-28,Beau,42
41,2020-06-29,Beau,34
42,2020-06-30,Beau,44
43,2020-07-01,Beau,40
44,2020-07-02,Beau,41
45,2020-07-03,Beau,30
46,2020-07-04,Beau,45
47,2020-07-05,Beau,36
48,2020-07-06,Beau,52
49,2020-07-07,Beau,47
50,2020-07-08,Beau,60
51,2020-07-09,Beau,32
52,2020-07-10,Beau,51
53,2020-07-11,Beau,49
54,2020-07-12,Beau,44
55,2020-07-13,Beau,41
56,2020-07-14,Beau,26
57,2020-07-15,Beau,45
58,2020-07-16,Beau,37
59,2020-07-17,Beau,29
60,2020-07-18,Beau,26
61,2020-07-19,Beau,65
62,2020-07-20,Beau,45
63,2020-07-21,Beau,45
64,2020-07-22,Beau,37
65,2020-07-23,Beau,44
66,2020-07-24,Beau,36
67,2020-07-25,Beau,45
68,2020-07-26,Beau,48
69,2020-07-27,Beau,39
70,2020-07-28,Beau,33
71,2020-07-29,Beau,55
72,2020-07-30,Beau,29
73,2020-07-31,Beau,37
74,2020-08-01,Beau,41
75,2020-08-02,Beau,37
76,2020-08-03,Beau,40
77,2020-08-04,Beau,39
78,2020-08-05,Beau,30
79,2020-08-06,Beau,52
80,2020-08-07,Beau,25
81,2020-08-08,Beau,34
82,2020-08-09,Beau,43
83,2020-08-10,Beau,42
84,2020-08-11,Beau,84
85,2020-08-12,Beau,100
86,2020-08-13,Beau,69
87,2020-08-14,Beau,55
88,2020-08-15,Beau,34
89,2020-08-16,Beau,37
90,2020-08-17,Beau,40
91,2020-05-19,Deco,73
92,2020-05-20,Deco,56
93,2020-05-21,Deco,74
94,2020-05-22,Deco,86
95,2020-05-23,Deco,71
96,2020-05-24,Deco,83
97,2020-05-25,Deco,65
98,2020-05-26,Deco,67
99,2020-05-27,Deco,64
100,2020-05-28,Deco,63
101,2020-05-29,Deco,61
102,2020-05-30,Deco,59
103,2020-05-31,Deco,58
104,2020-06-01,Deco,54
105,2020-06-02,Deco,62
106,2020-06-03,Deco,61
107,2020-06-04,Deco,63
108,2020-06-05,Deco,72
109,2020-06-06,Deco,73
110,2020-06-07,Deco,58
111,2020-06-08,Deco,70
112,2020-06-09,Deco,74
113,2020-06-10,Deco,73
114,2020-06-11,Deco,84
115,2020-06-12,Deco,87
116,2020-06-13,Deco,78
117,2020-06-14,Deco,83
118,2020-06-15,Deco,59
119,2020-06-16,Deco,77
120,2020-06-17,Deco,71
121,2020-06-18,Deco,93
122,2020-06-19,Deco,72
123,2020-06-20,Deco,63
124,2020-06-21,Deco,76
125,2020-06-22,Deco,74
126,2020-06-23,Deco,53
127,2020-06-24,Deco,66
128,2020-06-25,Deco,64
129,2020-06-26,Deco,45
130,2020-06-27,Deco,75
131,2020-06-28,Deco,77
132,2020-06-29,Deco,72
133,2020-06-30,Deco,63
134,2020-07-01,Deco,79
135,2020-07-02,Deco,70
136,2020-07-03,Deco,74
137,2020-07-04,Deco,86
138,2020-07-05,Deco,59
139,2020-07-06,Deco,93
140,2020-07-07,Deco,76
141,2020-07-08,Deco,73
142,2020-07-09,Deco,62
143,2020-07-10,Deco,67
144,2020-07-11,Deco,63
145,2020-07-12,Deco,73
146,2020-07-13,Deco,60
147,2020-07-14,Deco,59
148,2020-07-15,Deco,56
149,2020-07-16,Deco,73
150,2020-07-17,Deco,56
151,2020-07-18,Deco,62
152,2020-07-19,Deco,82
153,2020-07-20,Deco,69
154,2020-07-21,Deco,62
155,2020-07-22,Deco,68
156,2020-07-23,Deco,80
157,2020-07-24,Deco,65
158,2020-07-25,Deco,82
159,2020-07-26,Deco,90
160,2020-07-27,Deco,52
161,2020-07-28,Deco,71
162,2020-07-29,Deco,60
163,2020-07-30,Deco,68
164,2020-07-31,Deco,58
165,2020-08-01,Deco,80
166,2020-08-02,Deco,72
167,2020-08-03,Deco,56
168,2020-08-04,Deco,81
169,2020-08-05,Deco,82
170,2020-08-06,Deco,52
171,2020-08-07,Deco,64
172,2020-08-08,Deco,56
173,2020-08-09,Deco,61
174,2020-08-10,Deco,67
175,2020-08-11,Deco,66
176,2020-08-12,Deco,65
177,2020-08-13,Deco,82
178,2020-08-14,Deco,49
179,2020-08-15,Deco,70
180,2020-08-16,Deco,100
181,2020-08-17,Deco,73
182,2020-05-19,Lettre,29
183,2020-05-20,Lettre,100
184,2020-05-21,Lettre,50
185,2020-05-22,Lettre,38
186,2020-05-23,Lettre,40
187,2020-05-24,Lettre,43
188,2020-05-25,Lettre,33
189,2020-05-26,Lettre,90
190,2020-05-27,Lettre,30
191,2020-05-28,Lettre,41
192,2020-05-29,Lettre,52
193,2020-05-30,Lettre,22
194,2020-05-31,Lettre,56
195,2020-06-01,Lettre,39
196,2020-06-02,Lettre,77
197,2020-06-03,Lettre,86
198,2020-06-04,Lettre,71
199,2020-06-05,Lettre,27
200,2020-06-06,Lettre,41
201,2020-06-07,Lettre,31
202,2020-06-08,Lettre,36
203,2020-06-09,Lettre,28
204,2020-06-10,Lettre,56
205,2020-06-11,Lettre,64
206,2020-06-12,Lettre,67
207,2020-06-13,Lettre,33
208,2020-06-14,Lettre,43
209,2020-06-15,Lettre,48
210,2020-06-16,Lettre,65
211,2020-06-17,Lettre,37
212,2020-06-18,Lettre,28
213,2020-06-19,Lettre,0
214,2020-06-20,Lettre,66
215,2020-06-21,Lettre,21
216,2020-06-22,Lettre,40
217,2020-06-23,Lettre,20
218,2020-06-24,Lettre,41
219,2020-06-25,Lettre,51
220,2020-06-26,Lettre,69
221,2020-06-27,Lettre,60
222,2020-06-28,Lettre,0
223,2020-06-29,Lettre,47
224,2020-06-30,Lettre,39
225,2020-07-01,Lettre,58
226,2020-07-02,Lettre,19
227,2020-07-03,Lettre,48
228,2020-07-04,Lettre,42
229,2020-07-05,Lettre,21
230,2020-07-06,Lettre,39
231,2020-07-07,Lettre,39
232,2020-07-08,Lettre,39
233,2020-07-09,Lettre,20
234,2020-07-10,Lettre,53
235,2020-07-11,Lettre,47
236,2020-07-12,Lettre,24
237,2020-07-13,Lettre,30
238,2020-07-14,Lettre,30
239,2020-07-15,Lettre,30
240,2020-07-16,Lettre,42
241,2020-07-17,Lettre,22
242,2020-07-18,Lettre,23
243,2020-07-19,Lettre,46
244,2020-07-20,Lettre,43
245,2020-07-21,Lettre,43
246,2020-07-22,Lettre,42
247,2020-07-23,Lettre,32
248,2020-07-24,Lettre,44
249,2020-07-25,Lettre,57
250,2020-07-26,Lettre,23
251,2020-07-27,Lettre,61
252,2020-07-28,Lettre,63
253,2020-07-29,Lettre,55
254,2020-07-30,Lettre,44
255,2020-07-31,Lettre,47
256,2020-08-01,Lettre,95
257,2020-08-02,Lettre,47
258,2020-08-03,Lettre,73
259,2020-08-04,Lettre,40
260,2020-08-05,Lettre,31
261,2020-08-06,Lettre,43
262,2020-08-07,Lettre,23
263,2020-08-08,Lettre,25
264,2020-08-09,Lettre,24
265,2020-08-10,Lettre,42
266,2020-08-11,Lettre,64
267,2020-08-12,Lettre,22
268,2020-08-13,Lettre,31
269,2020-08-14,Lettre,22
270,2020-08-15,Lettre,47
271,2020-08-16,Lettre,45
272,2020-08-17,Lettre,42
273,2020-05-19,Proficient,25
274,2020-05-20,Proficient,26
275,2020-05-21,Proficient,25
276,2020-05-22,Proficient,72
277,2020-05-23,Proficient,26
278,2020-05-24,Proficient,0
279,2020-05-25,Proficient,28
280,2020-05-26,Proficient,25
281,2020-05-27,Proficient,51
282,2020-05-28,Proficient,26
283,2020-05-29,Proficient,27
284,2020-05-30,Proficient,71
285,2020-05-31,Proficient,28
286,2020-06-01,Proficient,37
287,2020-06-02,Proficient,25
288,2020-06-03,Proficient,55
289,2020-06-04,Proficient,46
290,2020-06-05,Proficient,47
291,2020-06-06,Proficient,52
292,2020-06-07,Proficient,53
293,2020-06-08,Proficient,34
294,2020-06-09,Proficient,47
295,2020-06-10,Proficient,0
296,2020-06-11,Proficient,93
297,2020-06-12,Proficient,61
298,2020-06-13,Proficient,56
299,2020-06-14,Proficient,27
300,2020-06-15,Proficient,73
301,2020-06-16,Proficient,23
302,2020-06-17,Proficient,96
303,2020-06-18,Proficient,59
304,2020-06-19,Proficient,72
305,2020-06-20,Proficient,28
306,2020-06-21,Proficient,27
307,2020-06-22,Proficient,25
308,2020-06-23,Proficient,25
309,2020-06-24,Proficient,65
310,2020-06-25,Proficient,39
311,2020-06-26,Proficient,25
312,2020-06-27,Proficient,26
313,2020-06-28,Proficient,64
314,2020-06-29,Proficient,48
315,2020-06-30,Proficient,37
316,2020-07-01,Proficient,98
317,2020-07-02,Proficient,49
318,2020-07-03,Proficient,37
319,2020-07-04,Proficient,27
320,2020-07-05,Proficient,27
321,2020-07-06,Proficient,100
322,2020-07-07,Proficient,50
323,2020-07-08,Proficient,38
324,2020-07-09,Proficient,25
325,2020-07-10,Proficient,0
326,2020-07-11,Proficient,30
327,2020-07-12,Proficient,0
328,2020-07-13,Proficient,51
329,2020-07-14,Proficient,51
330,2020-07-15,Proficient,26
331,2020-07-16,Proficient,53
332,2020-07-17,Proficient,28
333,2020-07-18,Proficient,59
334,2020-07-19,Proficient,0
335,2020-07-20,Proficient,54
336,2020-07-21,Proficient,55
337,2020-07-22,Proficient,54
338,2020-07-23,Proficient,54
339,2020-07-24,Proficient,42
340,2020-07-25,Proficient,44
341,2020-07-26,Proficient,44
342,2020-07-27,Proficient,0
343,2020-07-28,Proficient,40
344,2020-07-29,Proficient,28
345,2020-07-30,Proficient,85
346,2020-07-31,Proficient,30
347,2020-08-01,Proficient,0
348,2020-08-02,Proficient,30
349,2020-08-03,Proficient,40
350,2020-08-04,Proficient,39
351,2020-08-05,Proficient,67
352,2020-08-06,Proficient,28
353,2020-08-07,Proficient,0
354,2020-08-08,Proficient,63
355,2020-08-09,Proficient,46
356,2020-08-10,Proficient,27
357,2020-08-11,Proficient,67
358,2020-08-12,Proficient,28
359,2020-08-13,Proficient,80
360,2020-08-14,Proficient,41
361,2020-08-15,Proficient,75
362,2020-08-16,Proficient,29
363,2020-08-17,Proficient,94
364,2020-05-19,Proficiency,78
365,2020-05-20,Proficiency,50
366,2020-05-21,Proficiency,56
367,2020-05-22,Proficiency,82
368,2020-05-23,Proficiency,100
369,2020-05-24,Proficiency,33
370,2020-05-25,Proficiency,56
371,2020-05-26,Proficiency,37
372,2020-05-27,Proficiency,25
373,2020-05-28,Proficiency,51
374,2020-05-29,Proficiency,13
375,2020-05-30,Proficiency,42
376,2020-05-31,Proficiency,49
377,2020-06-01,Proficiency,42
378,2020-06-02,Proficiency,48
379,2020-06-03,Proficiency,48
380,2020-06-04,Proficiency,50
381,2020-06-05,Proficiency,74
382,2020-06-06,Proficiency,25
383,2020-06-07,Proficiency,26
384,2020-06-08,Proficiency,56
385,2020-06-09,Proficiency,57
386,2020-06-10,Proficiency,46
387,2020-06-11,Proficiency,51
388,2020-06-12,Proficiency,18
389,2020-06-13,Proficiency,48
390,2020-06-14,Proficiency,41
391,2020-06-15,Proficiency,84
392,2020-06-16,Proficiency,40
393,2020-06-17,Proficiency,23
394,2020-06-18,Proficiency,46
395,2020-06-19,Proficiency,30
396,2020-06-20,Proficiency,34
397,2020-06-21,Proficiency,27
398,2020-06-22,Proficiency,49
399,2020-06-23,Proficiency,49
400,2020-06-24,Proficiency,38
401,2020-06-25,Proficiency,25
402,2020-06-26,Proficiency,12
403,2020-06-27,Proficiency,38
404,2020-06-28,Proficiency,25
405,2020-06-29,Proficiency,41
406,2020-06-30,Proficiency,24
407,2020-07-01,Proficiency,48
408,2020-07-02,Proficiency,42
409,2020-07-03,Proficiency,42
410,2020-07-04,Proficiency,33
411,2020-07-05,Proficiency,20
412,2020-07-06,Proficiency,61
413,2020-07-07,Proficiency,30
414,2020-07-08,Proficiency,37
415,2020-07-09,Proficiency,24
416,2020-07-10,Proficiency,46
417,2020-07-11,Proficiency,59
418,2020-07-12,Proficiency,44
419,2020-07-13,Proficiency,44
420,2020-07-14,Proficiency,25
421,2020-07-15,Proficiency,13
422,2020-07-16,Proficiency,26
423,2020-07-17,Proficiency,34
424,2020-07-18,Proficiency,51
425,2020-07-19,Proficiency,43
426,2020-07-20,Proficiency,53
427,2020-07-21,Proficiency,27
428,2020-07-22,Proficiency,26
429,2020-07-23,Proficiency,27
430,2020-07-24,Proficiency,28
431,2020-07-25,Proficiency,14
432,2020-07-26,Proficiency,71
433,2020-07-27,Proficiency,31
434,2020-07-28,Proficiency,39
435,2020-07-29,Proficiency,48
436,2020-07-30,Proficiency,14
437,2020-07-31,Proficiency,22
438,2020-08-01,Proficiency,15
439,2020-08-02,Proficiency,44
440,2020-08-03,Proficiency,72
441,2020-08-04,Proficiency,32
442,2020-08-05,Proficiency,46
443,2020-08-06,Proficiency,20
444,2020-08-07,Proficiency,43
445,2020-08-08,Proficiency,54
446,2020-08-09,Proficiency,45
447,2020-08-10,Proficiency,33
448,2020-08-11,Proficiency,26
449,2020-08-12,Proficiency,41
450,2020-08-13,Proficiency,52
451,2020-08-14,Proficiency,54
452,2020-08-15,Proficiency,22
453,2020-08-16,Proficiency,56
454,2020-08-17,Proficiency,39
455,2020-05-19,Martial,21
456,2020-05-20,Martial,26
457,2020-05-21,Martial,19
458,2020-05-22,Martial,17
459,2020-05-23,Martial,22
460,2020-05-24,Martial,23
461,2020-05-25,Martial,17
462,2020-05-26,Martial,22
463,2020-05-27,Martial,15
464,2020-05-28,Martial,18
465,2020-05-29,Martial,19
466,2020-05-30,Martial,22
467,2020-05-31,Martial,33
468,2020-06-01,Martial,58
469,2020-06-02,Martial,97
470,2020-06-03,Martial,39
471,2020-06-04,Martial,31
472,2020-06-05,Martial,23
473,2020-06-06,Martial,23
474,2020-06-07,Martial,20
475,2020-06-08,Martial,23
476,2020-06-09,Martial,22
477,2020-06-10,Martial,21
478,2020-06-11,Martial,25
479,2020-06-12,Martial,20
480,2020-06-13,Martial,23
481,2020-06-14,Martial,28
482,2020-06-15,Martial,28
483,2020-06-16,Martial,26
484,2020-06-17,Martial,18
485,2020-06-18,Martial,26
486,2020-06-19,Martial,32
487,2020-06-20,Martial,23
488,2020-06-21,Martial,27
489,2020-06-22,Martial,28
490,2020-06-23,Martial,25
491,2020-06-24,Martial,100
492,2020-06-25,Martial,52
493,2020-06-26,Martial,17
494,2020-06-27,Martial,29
495,2020-06-28,Martial,20
496,2020-06-29,Martial,23
497,2020-06-30,Martial,29
498,2020-07-01,Martial,19
499,2020-07-02,Martial,25
500,2020-07-03,Martial,29
501,2020-07-04,Martial,60
502,2020-07-05,Martial,31
503,2020-07-06,Martial,22
504,2020-07-07,Martial,20
505,2020-07-08,Martial,20
506,2020-07-09,Martial,28
507,2020-07-10,Martial,29
508,2020-07-11,Martial,26
509,2020-07-12,Martial,31
510,2020-07-13,Martial,49
511,2020-07-14,Martial,38
512,2020-07-15,Martial,32
513,2020-07-16,Martial,40
514,2020-07-17,Martial,38
515,2020-07-18,Martial,22
516,2020-07-19,Martial,38
517,2020-07-20,Martial,26
518,2020-07-21,Martial,33
519,2020-07-22,Martial,32
520,2020-07-23,Martial,26
521,2020-07-24,Martial,19
522,2020-07-25,Martial,29
523,2020-07-26,Martial,31
524,2020-07-27,Martial,32
525,2020-07-28,Martial,30
526,2020-07-29,Martial,24
527,2020-07-30,Martial,25
528,2020-07-31,Martial,25
529,2020-08-01,Martial,25
530,2020-08-02,Martial,23
531,2020-08-03,Martial,23
532,2020-08-04,Martial,25
533,2020-08-05,Martial,31
534,2020-08-06,Martial,29
535,2020-08-07,Martial,96
536,2020-08-08,Martial,38
537,2020-08-09,Martial,29
538,2020-08-10,Martial,39
539,2020-08-11,Martial,32
540,2020-08-12,Martial,23
541,2020-08-13,Martial,21
542,2020-08-14,Martial,30
543,2020-08-15,Martial,25
544,2020-08-16,Martial,41
545,2020-08-17,Martial,33
546,2020-05-19,Mathematic,100
547,2020-05-20,Mathematic,0
548,2020-05-21,Mathematic,0
549,2020-05-22,Mathematic,0
550,2020-05-23,Mathematic,0
551,2020-05-24,Mathematic,0
552,2020-05-25,Mathematic,0
553,2020-05-26,Mathematic,0
554,2020-05-27,Mathematic,0
555,2020-05-28,Mathematic,0
556,2020-05-29,Mathematic,0
557,2020-05-30,Mathematic,39
558,2020-05-31,Mathematic,0
559,2020-06-01,Mathematic,0
560,2020-06-02,Mathematic,0
561,2020-06-03,Mathematic,59
562,2020-06-04,Mathematic,0
563,2020-06-05,Mathematic,63
564,2020-06-06,Mathematic,0
565,2020-06-07,Mathematic,72
566,2020-06-08,Mathematic,31
567,2020-06-09,Mathematic,0
568,2020-06-10,Mathematic,32
569,2020-06-11,Mathematic,0
570,2020-06-12,Mathematic,33
571,2020-06-13,Mathematic,0
572,2020-06-14,Mathematic,0
573,2020-06-15,Mathematic,0
574,2020-06-16,Mathematic,32
575,2020-06-17,Mathematic,32
576,2020-06-18,Mathematic,0
577,2020-06-19,Mathematic,0
578,2020-06-20,Mathematic,0
579,2020-06-21,Mathematic,37
580,2020-06-22,Mathematic,0
581,2020-06-23,Mathematic,34
582,2020-06-24,Mathematic,0
583,2020-06-25,Mathematic,35
584,2020-06-26,Mathematic,0
585,2020-06-27,Mathematic,0
586,2020-06-28,Mathematic,0
587,2020-06-29,Mathematic,0
588,2020-06-30,Mathematic,0
589,2020-07-01,Mathematic,33
590,2020-07-02,Mathematic,33
591,2020-07-03,Mathematic,33
592,2020-07-04,Mathematic,0
593,2020-07-05,Mathematic,37
594,2020-07-06,Mathematic,34
595,2020-07-07,Mathematic,0
596,2020-07-08,Mathematic,0
597,2020-07-09,Mathematic,34
598,2020-07-10,Mathematic,37
599,2020-07-11,Mathematic,0
600,2020-07-12,Mathematic,0
601,2020-07-13,Mathematic,35
602,2020-07-14,Mathematic,35
603,2020-07-15,Mathematic,0
604,2020-07-16,Mathematic,0
605,2020-07-17,Mathematic,0
606,2020-07-18,Mathematic,0
607,2020-07-19,Mathematic,40
608,2020-07-20,Mathematic,37
609,2020-07-21,Mathematic,37
610,2020-07-22,Mathematic,0
611,2020-07-23,Mathematic,0
612,2020-07-24,Mathematic,0
613,2020-07-25,Mathematic,0
614,2020-07-26,Mathematic,0
615,2020-07-27,Mathematic,0
616,2020-07-28,Mathematic,0
617,2020-07-29,Mathematic,76
618,2020-07-30,Mathematic,0
619,2020-07-31,Mathematic,41
620,2020-08-01,Mathematic,0
621,2020-08-02,Mathematic,0
622,2020-08-03,Mathematic,0
623,2020-08-04,Mathematic,35
624,2020-08-05,Mathematic,0
625,2020-08-06,Mathematic,0
626,2020-08-07,Mathematic,0
627,2020-08-08,Mathematic,0
628,2020-08-09,Mathematic,0
629,2020-08-10,Mathematic,36
630,2020-08-11,Mathematic,0
631,2020-08-12,Mathematic,0
632,2020-08-13,Mathematic,0
633,2020-08-14,Mathematic,0
634,2020-08-15,Mathematic,0
635,2020-08-16,Mathematic,0
636,2020-08-17,Mathematic,0
637,2020-05-19,Thou,54
638,2020-05-20,Thou,45
639,2020-05-21,Thou,50
640,2020-05-22,Thou,68
641,2020-05-23,Thou,61
642,2020-05-24,Thou,97
643,2020-05-25,Thou,47
644,2020-05-26,Thou,34
645,2020-05-27,Thou,48
646,2020-05-28,Thou,43
647,2020-05-29,Thou,61
648,2020-05-30,Thou,68
649,2020-05-31,Thou,89
650,2020-06-01,Thou,36
651,2020-06-02,Thou,46
652,2020-06-03,Thou,46
653,2020-06-04,Thou,64
654,2020-06-05,Thou,58
655,2020-06-06,Thou,46
656,2020-06-07,Thou,58
657,2020-06-08,Thou,62
658,2020-06-09,Thou,44
659,2020-06-10,Thou,49
660,2020-06-11,Thou,46
661,2020-06-12,Thou,63
662,2020-06-13,Thou,32
663,2020-06-14,Thou,84
664,2020-06-15,Thou,43
665,2020-06-16,Thou,34
666,2020-06-17,Thou,62
667,2020-06-18,Thou,64
668,2020-06-19,Thou,48
669,2020-06-20,Thou,32
670,2020-06-21,Thou,49
671,2020-06-22,Thou,58
672,2020-06-23,Thou,42
673,2020-06-24,Thou,30
674,2020-06-25,Thou,73
675,2020-06-26,Thou,39
676,2020-06-27,Thou,53
677,2020-06-28,Thou,90
678,2020-06-29,Thou,33
679,2020-06-30,Thou,69
680,2020-07-01,Thou,41
681,2020-07-02,Thou,61
682,2020-07-03,Thou,56
683,2020-07-04,Thou,37
684,2020-07-05,Thou,79
685,2020-07-06,Thou,45
686,2020-07-07,Thou,44
687,2020-07-08,Thou,63
688,2020-07-09,Thou,81
689,2020-07-10,Thou,81
690,2020-07-11,Thou,79
691,2020-07-12,Thou,94
692,2020-07-13,Thou,43
693,2020-07-14,Thou,78
694,2020-07-15,Thou,62
695,2020-07-16,Thou,81
696,2020-07-17,Thou,64
697,2020-07-18,Thou,71
698,2020-07-19,Thou,52
699,2020-07-20,Thou,50
700,2020-07-21,Thou,57
701,2020-07-22,Thou,73
702,2020-07-23,Thou,40
703,2020-07-24,Thou,56
704,2020-07-25,Thou,61
705,2020-07-26,Thou,100
706,2020-07-27,Thou,62
707,2020-07-28,Thou,53
708,2020-07-29,Thou,50
709,2020-07-30,Thou,39
710,2020-07-31,Thou,38
711,2020-08-01,Thou,70
712,2020-08-02,Thou,72
713,2020-08-03,Thou,36
714,2020-08-04,Thou,41
715,2020-08-05,Thou,47
716,2020-08-06,Thou,26
717,2020-08-07,Thou,70
718,2020-08-08,Thou,56
719,2020-08-09,Thou,67
720,2020-08-10,Thou,48
721,2020-08-11,Thou,42
722,2020-08-12,Thou,52
723,2020-08-13,Thou,53
724,2020-08-14,Thou,29
725,2020-08-15,Thou,59
726,2020-08-16,Thou,72
727,2020-08-17,Thou,48
728,2020-05-19,Fine,69
729,2020-05-20,Fine,80
730,2020-05-21,Fine,79
731,2020-05-22,Fine,74
732,2020-05-23,Fine,81
733,2020-05-24,Fine,72
734,2020-05-25,Fine,77
735,2020-05-26,Fine,75
736,2020-05-27,Fine,78
737,2020-05-28,Fine,64
738,2020-05-29,Fine,83
739,2020-05-30,Fine,69
740,2020-05-31,Fine,71
741,2020-06-01,Fine,69
742,2020-06-02,Fine,72
743,2020-06-03,Fine,71
744,2020-06-04,Fine,70
745,2020-06-05,Fine,74
746,2020-06-06,Fine,76
747,2020-06-07,Fine,71
748,2020-06-08,Fine,77
749,2020-06-09,Fine,73
750,2020-06-10,Fine,77
751,2020-06-11,Fine,74
752,2020-06-12,Fine,72
753,2020-06-13,Fine,71
754,2020-06-14,Fine,77
755,2020-06-15,Fine,82
756,2020-06-16,Fine,72
757,2020-06-17,Fine,82
758,2020-06-18,Fine,78
759,2020-06-19,Fine,78
760,2020-06-20,Fine,70
761,2020-06-21,Fine,70
762,2020-06-22,Fine,74
763,2020-06-23,Fine,72
764,2020-06-24,Fine,75
765,2020-06-25,Fine,67
766,2020-06-26,Fine,63
767,2020-06-27,Fine,83
768,2020-06-28,Fine,80
769,2020-06-29,Fine,80
770,2020-06-30,Fine,85
771,2020-07-01,Fine,75
772,2020-07-02,Fine,75
773,2020-07-03,Fine,83
774,2020-07-04,Fine,80
775,2020-07-05,Fine,77
776,2020-07-06,Fine,82
777,2020-07-07,Fine,84
778,2020-07-08,Fine,84
779,2020-07-09,Fine,89
780,2020-07-10,Fine,85
781,2020-07-11,Fine,78
782,2020-07-12,Fine,77
783,2020-07-13,Fine,81
784,2020-07-14,Fine,94
785,2020-07-15,Fine,78
786,2020-07-16,Fine,84
787,2020-07-17,Fine,85
788,2020-07-18,Fine,82
789,2020-07-19,Fine,74
790,2020-07-20,Fine,85
791,2020-07-21,Fine,76
792,2020-07-22,Fine,82
793,2020-07-23,Fine,89
794,2020-07-24,Fine,81
795,2020-07-25,Fine,83
796,2020-07-26,Fine,85
797,2020-07-27,Fine,84
798,2020-07-28,Fine,83
799,2020-07-29,Fine,87
800,2020-07-30,Fine,88
801,2020-07-31,Fine,75
802,2020-08-01,Fine,79
803,2020-08-02,Fine,77
804,2020-08-03,Fine,82
805,2020-08-04,Fine,90
806,2020-08-05,Fine,78
807,2020-08-06,Fine,88
808,2020-08-07,Fine,89
809,2020-08-08,Fine,80
810,2020-08-09,Fine,72
811,2020-08-10,Fine,75
812,2020-08-11,Fine,82
813,2020-08-12,Fine,80
814,2020-08-13,Fine,80
815,2020-08-14,Fine,100
816,2020-08-15,Fine,85
817,2020-08-16,Fine,88
818,2020-08-17,Fine,89
819,2020-05-19,Bachelor,40
820,2020-05-20,Bachelor,64
821,2020-05-21,Bachelor,39
822,2020-05-22,Bachelor,65
823,2020-05-23,Bachelor,37
824,2020-05-24,Bachelor,70
825,2020-05-25,Bachelor,67
826,2020-05-26,Bachelor,78
827,2020-05-27,Bachelor,60
828,2020-05-28,Bachelor,59
829,2020-05-29,Bachelor,53
830,2020-05-30,Bachelor,37
831,2020-05-31,Bachelor,71
832,2020-06-01,Bachelor,51
833,2020-06-02,Bachelor,70
834,2020-06-03,Bachelor,55
835,2020-06-04,Bachelor,40
836,2020-06-05,Bachelor,46
837,2020-06-06,Bachelor,45
838,2020-06-07,Bachelor,82
839,2020-06-08,Bachelor,76
840,2020-06-09,Bachelor,65
841,2020-06-10,Bachelor,45
842,2020-06-11,Bachelor,68
843,2020-06-12,Bachelor,46
844,2020-06-13,Bachelor,78
845,2020-06-14,Bachelor,69
846,2020-06-15,Bachelor,45
847,2020-06-16,Bachelor,53
848,2020-06-17,Bachelor,47
849,2020-06-18,Bachelor,38
850,2020-06-19,Bachelor,43
851,2020-06-20,Bachelor,57
852,2020-06-21,Bachelor,54
853,2020-06-22,Bachelor,33
854,2020-06-23,Bachelor,72
855,2020-06-24,Bachelor,38
856,2020-06-25,Bachelor,38
857,2020-06-26,Bachelor,28
858,2020-06-27,Bachelor,36
859,2020-06-28,Bachelor,78
860,2020-06-29,Bachelor,60
861,2020-06-30,Bachelor,56
862,2020-07-01,Bachelor,81
863,2020-07-02,Bachelor,46
864,2020-07-03,Bachelor,41
865,2020-07-04,Bachelor,65
866,2020-07-05,Bachelor,76
867,2020-07-06,Bachelor,42
868,2020-07-07,Bachelor,82
869,2020-07-08,Bachelor,55
870,2020-07-09,Bachelor,48
871,2020-07-10,Bachelor,61
872,2020-07-11,Bachelor,53
873,2020-07-12,Bachelor,62
874,2020-07-13,Bachelor,64
875,2020-07-14,Bachelor,75
876,2020-07-15,Bachelor,47
877,2020-07-16,Bachelor,57
878,2020-07-17,Bachelor,82
879,2020-07-18,Bachelor,61
880,2020-07-19,Bachelor,69
881,2020-07-20,Bachelor,69
882,2020-07-21,Bachelor,73
883,2020-07-22,Bachelor,69
884,2020-07-23,Bachelor,82
885,2020-07-24,Bachelor,75
886,2020-07-25,Bachelor,43
887,2020-07-26,Bachelor,100
888,2020-07-27,Bachelor,92
889,2020-07-28,Bachelor,55
890,2020-07-29,Bachelor,91
891,2020-07-30,Bachelor,75
892,2020-07-31,Bachelor,46
893,2020-08-01,Bachelor,74
894,2020-08-02,Bachelor,84
895,2020-08-03,Bachelor,100
896,2020-08-04,Bachelor,84
897,2020-08-05,Bachelor,65
898,2020-08-06,Bachelor,67
899,2020-08-07,Bachelor,43
900,2020-08-08,Bachelor,51
901,2020-08-09,Bachelor,74
902,2020-08-10,Bachelor,79
903,2020-08-11,Bachelor,79
904,2020-08-12,Bachelor,55
905,2020-08-13,Bachelor,64
906,2020-08-14,Bachelor,59
907,2020-08-15,Bachelor,57
908,2020-08-16,Bachelor,88
909,2020-08-17,Bachelor,63
910,2020-05-19,Des,44
911,2020-05-20,Des,37
912,2020-05-21,Des,36
913,2020-05-22,Des,39
914,2020-05-23,Des,37
915,2020-05-24,Des,46
916,2020-05-25,Des,44
917,2020-05-26,Des,38
918,2020-05-27,Des,31
919,2020-05-28,Des,35
920,2020-05-29,Des,42
921,2020-05-30,Des,39
922,2020-05-31,Des,45
923,2020-06-01,Des,36
924,2020-06-02,Des,37
925,2020-06-03,Des,100
926,2020-06-04,Des,46
927,2020-06-05,Des,43
928,2020-06-06,Des,47
929,2020-06-07,Des,58
930,2020-06-08,Des,48
931,2020-06-09,Des,43
932,2020-06-10,Des,41
933,2020-06-11,Des,44
934,2020-06-12,Des,42
935,2020-06-13,Des,45
936,2020-06-14,Des,89
937,2020-06-15,Des,47
938,2020-06-16,Des,41
939,2020-06-17,Des,50
940,2020-06-18,Des,45
941,2020-06-19,Des,42
942,2020-06-20,Des,33
943,2020-06-21,Des,38
944,2020-06-22,Des,43
945,2020-06-23,Des,30
946,2020-06-24,Des,36
947,2020-06-25,Des,35
948,2020-06-26,Des,36
949,2020-06-27,Des,44
950,2020-06-28,Des,40
951,2020-06-29,Des,35
952,2020-06-30,Des,38
953,2020-07-01,Des,37
954,2020-07-02,Des,35
955,2020-07-03,Des,35
956,2020-07-04,Des,34
957,2020-07-05,Des,35
958,2020-07-06,Des,36
959,2020-07-07,Des,39
960,2020-07-08,Des,42
961,2020-07-09,Des,33
962,2020-07-10,Des,33
963,2020-07-11,Des,40
964,2020-07-12,Des,39
965,2020-07-13,Des,40
966,2020-07-14,Des,35
967,2020-07-15,Des,37
968,2020-07-16,Des,40
969,2020-07-17,Des,39
970,2020-07-18,Des,38
971,2020-07-19,Des,44
972,2020-07-20,Des,45
973,2020-07-21,Des,41
974,2020-07-22,Des,33
975,2020-07-23,Des,39
976,2020-07-24,Des,40
977,2020-07-25,Des,45
978,2020-07-26,Des,38
979,2020-07-27,Des,34
980,2020-07-28,Des,38
981,2020-07-29,Des,39
982,2020-07-30,Des,39
983,2020-07-31,Des,38
984,2020-08-01,Des,37
985,2020-08-02,Des,39
986,2020-08-03,Des,39
987,2020-08-04,Des,39
988,2020-08-05,Des,35
989,2020-08-06,Des,42
990,2020-08-07,Des,41
991,2020-08-08,Des,33
992,2020-08-09,Des,37
993,2020-08-10,Des,35
994,2020-08-11,Des,40
995,2020-08-12,Des,43
996,2020-08-13,Des,38
997,2020-08-14,Des,38
998,2020-08-15,Des,37
999,2020-08-16,Des,34
1000,2020-08-17,Des,38
1001,2020-05-19,Endowment,46
1002,2020-05-20,Endowment,42
1003,2020-05-21,Endowment,31
1004,2020-05-22,Endowment,25
1005,2020-05-23,Endowment,48
1006,2020-05-24,Endowment,40
1007,2020-05-25,Endowment,23
1008,2020-05-26,Endowment,26
1009,2020-05-27,Endowment,42
1010,2020-05-28,Endowment,37
1011,2020-05-29,Endowment,22
1012,2020-05-30,Endowment,23
1013,2020-05-31,Endowment,18
1014,2020-06-01,Endowment,46
1015,2020-06-02,Endowment,15
1016,2020-06-03,Endowment,27
1017,2020-06-04,Endowment,33
1018,2020-06-05,Endowment,48
1019,2020-06-06,Endowment,32
1020,2020-06-07,Endowment,33
1021,2020-06-08,Endowment,38
1022,2020-06-09,Endowment,48
1023,2020-06-10,Endowment,39
1024,2020-06-11,Endowment,24
1025,2020-06-12,Endowment,45
1026,2020-06-13,Endowment,35
1027,2020-06-14,Endowment,34
1028,2020-06-15,Endowment,20
1029,2020-06-16,Endowment,58
1030,2020-06-17,Endowment,35
1031,2020-06-18,Endowment,19
1032,2020-06-19,Endowment,100
1033,2020-06-20,Endowment,23
1034,2020-06-21,Endowment,23
1035,2020-06-22,Endowment,37
1036,2020-06-23,Endowment,36
1037,2020-06-24,Endowment,27
1038,2020-06-25,Endowment,21
1039,2020-06-26,Endowment,47
1040,2020-06-27,Endowment,26
1041,2020-06-28,Endowment,42
1042,2020-06-29,Endowment,30
1043,2020-06-30,Endowment,31
1044,2020-07-01,Endowment,36
1045,2020-07-02,Endowment,60
1046,2020-07-03,Endowment,20
1047,2020-07-04,Endowment,17
1048,2020-07-05,Endowment,34
1049,2020-07-06,Endowment,73
1050,2020-07-07,Endowment,36
1051,2020-07-08,Endowment,57
1052,2020-07-09,Endowment,31
1053,2020-07-10,Endowment,45
1054,2020-07-11,Endowment,12
1055,2020-07-12,Endowment,37
1056,2020-07-13,Endowment,42
1057,2020-07-14,Endowment,32
1058,2020-07-15,Endowment,37
1059,2020-07-16,Endowment,22
1060,2020-07-17,Endowment,46
1061,2020-07-18,Endowment,37
1062,2020-07-19,Endowment,30
1063,2020-07-20,Endowment,28
1064,2020-07-21,Endowment,17
1065,2020-07-22,Endowment,39
1066,2020-07-23,Endowment,28
1067,2020-07-24,Endowment,23
1068,2020-07-25,Endowment,12
1069,2020-07-26,Endowment,18
1070,2020-07-27,Endowment,27
1071,2020-07-28,Endowment,45
1072,2020-07-29,Endowment,12
1073,2020-07-30,Endowment,23
1074,2020-07-31,Endowment,12
1075,2020-08-01,Endowment,19
1076,2020-08-02,Endowment,37
1077,2020-08-03,Endowment,28
1078,2020-08-04,Endowment,27
1079,2020-08-05,Endowment,28
1080,2020-08-06,Endowment,29
1081,2020-08-07,Endowment,48
1082,2020-08-08,Endowment,33
1083,2020-08-09,Endowment,13
1084,2020-08-10,Endowment,17
1085,2020-08-11,Endowment,11
1086,2020-08-12,Endowment,29
1087,2020-08-13,Endowment,22
1088,2020-08-14,Endowment,17
1089,2020-08-15,Endowment,12
1090,2020-08-16,Endowment,18
1091,2020-08-17,Endowment,28
1092,2020-05-19,Palais,30
1093,2020-05-20,Palais,100
1094,2020-05-21,Palais,46
1095,2020-05-22,Palais,14
1096,2020-05-23,Palais,46
1097,2020-05-24,Palais,41
1098,2020-05-25,Palais,51
1099,2020-05-26,Palais,31
1100,2020-05-27,Palais,46
1101,2020-05-28,Palais,39
1102,2020-05-29,Palais,16
1103,2020-05-30,Palais,51
1104,2020-05-31,Palais,34
1105,2020-06-01,Palais,37
1106,2020-06-02,Palais,44
1107,2020-06-03,Palais,26
1108,2020-06-04,Palais,54
1109,2020-06-05,Palais,42
1110,2020-06-06,Palais,23
1111,2020-06-07,Palais,32
1112,2020-06-08,Palais,21
1113,2020-06-09,Palais,77
1114,2020-06-10,Palais,50
1115,2020-06-11,Palais,70
1116,2020-06-12,Palais,51
1117,2020-06-13,Palais,51
1118,2020-06-14,Palais,0
1119,2020-06-15,Palais,51
1120,2020-06-16,Palais,21
1121,2020-06-17,Palais,50
1122,2020-06-18,Palais,42
1123,2020-06-19,Palais,36
1124,2020-06-20,Palais,50
1125,2020-06-21,Palais,33
1126,2020-06-22,Palais,46
1127,2020-06-23,Palais,61
1128,2020-06-24,Palais,39
1129,2020-06-25,Palais,46
1130,2020-06-26,Palais,45
1131,2020-06-27,Palais,46
1132,2020-06-28,Palais,99
1133,2020-06-29,Palais,51
1134,2020-06-30,Palais,37
1135,2020-07-01,Palais,37
1136,2020-07-02,Palais,51
1137,2020-07-03,Palais,22
1138,2020-07-04,Palais,57
1139,2020-07-05,Palais,41
1140,2020-07-06,Palais,15
1141,2020-07-07,Palais,82
1142,2020-07-08,Palais,30
1143,2020-07-09,Palais,38
1144,2020-07-10,Palais,48
1145,2020-07-11,Palais,63
1146,2020-07-12,Palais,18
1147,2020-07-13,Palais,62
1148,2020-07-14,Palais,54
1149,2020-07-15,Palais,23
1150,2020-07-16,Palais,64
1151,2020-07-17,Palais,51
1152,2020-07-18,Palais,45
1153,2020-07-19,Palais,62
1154,2020-07-20,Palais,89
1155,2020-07-21,Palais,58
1156,2020-07-22,Palais,40
1157,2020-07-23,Palais,49
1158,2020-07-24,Palais,34
1159,2020-07-25,Palais,52
1160,2020-07-26,Palais,35
1161,2020-07-27,Palais,54
1162,2020-07-28,Palais,40
1163,2020-07-29,Palais,59
1164,2020-07-30,Palais,43
1165,2020-07-31,Palais,45
1166,2020-08-01,Palais,55
1167,2020-08-02,Palais,91
1168,2020-08-03,Palais,64
1169,2020-08-04,Palais,70
1170,2020-08-05,Palais,56
1171,2020-08-06,Palais,50
1172,2020-08-07,Palais,61
1173,2020-08-08,Palais,95
1174,2020-08-09,Palais,65
1175,2020-08-10,Palais,81
1176,2020-08-11,Palais,57
1177,2020-08-12,Palais,25
1178,2020-08-13,Palais,32
1179,2020-08-14,Palais,50
1180,2020-08-15,Palais,72
1181,2020-08-16,Palais,43
1182,2020-08-17,Palais,40
1183,2020-05-19,Performing,59
1184,2020-05-20,Performing,54
1185,2020-05-21,Performing,53
1186,2020-05-22,Performing,63
1187,2020-05-23,Performing,69
1188,2020-05-24,Performing,55
1189,2020-05-25,Performing,40
1190,2020-05-26,Performing,59
1191,2020-05-27,Performing,54
1192,2020-05-28,Performing,44
1193,2020-05-29,Performing,62
1194,2020-05-30,Performing,43
1195,2020-05-31,Performing,49
1196,2020-06-01,Performing,70
1197,2020-06-02,Performing,62
1198,2020-06-03,Performing,73
1199,2020-06-04,Performing,64
1200,2020-06-05,Performing,66
1201,2020-06-06,Performing,34
1202,2020-06-07,Performing,57
1203,2020-06-08,Performing,69
1204,2020-06-09,Performing,90
1205,2020-06-10,Performing,64
1206,2020-06-11,Performing,63
1207,2020-06-12,Performing,88
1208,2020-06-13,Performing,57
1209,2020-06-14,Performing,53
1210,2020-06-15,Performing,61
1211,2020-06-16,Performing,76
1212,2020-06-17,Performing,68
1213,2020-06-18,Performing,62
1214,2020-06-19,Performing,37
1215,2020-06-20,Performing,51
1216,2020-06-21,Performing,55
1217,2020-06-22,Performing,66
1218,2020-06-23,Performing,81
1219,2020-06-24,Performing,92
1220,2020-06-25,Performing,65
1221,2020-06-26,Performing,46
1222,2020-06-27,Performing,46
1223,2020-06-28,Performing,74
1224,2020-06-29,Performing,90
1225,2020-06-30,Performing,62
1226,2020-07-01,Performing,55
1227,2020-07-02,Performing,64
1228,2020-07-03,Performing,81
1229,2020-07-04,Performing,41
1230,2020-07-05,Performing,85
1231,2020-07-06,Performing,83
1232,2020-07-07,Performing,73
1233,2020-07-08,Performing,71
1234,2020-07-09,Performing,76
1235,2020-07-10,Performing,92
1236,2020-07-11,Performing,52
1237,2020-07-12,Performing,57
1238,2020-07-13,Performing,62
1239,2020-07-14,Performing,62
1240,2020-07-15,Performing,88
1241,2020-07-16,Performing,59
1242,2020-07-17,Performing,79
1243,2020-07-18,Performing,27
1244,2020-07-19,Performing,53
1245,2020-07-20,Performing,68
1246,2020-07-21,Performing,75
1247,2020-07-22,Performing,49
1248,2020-07-23,Performing,60
1249,2020-07-24,Performing,68
1250,2020-07-25,Performing,56
1251,2020-07-26,Performing,26
1252,2020-07-27,Performing,62
1253,2020-07-28,Performing,43
1254,2020-07-29,Performing,68
1255,2020-07-30,Performing,60
1256,2020-07-31,Performing,69
1257,2020-08-01,Performing,61
1258,2020-08-02,Performing,58
1259,2020-08-03,Performing,48
1260,2020-08-04,Performing,52
1261,2020-08-05,Performing,46
1262,2020-08-06,Performing,67
1263,2020-08-07,Performing,73
1264,2020-08-08,Performing,64
1265,2020-08-09,Performing,34
1266,2020-08-10,Performing,73
1267,2020-08-11,Performing,49
1268,2020-08-12,Performing,72
1269,2020-08-13,Performing,78
1270,2020-08-14,Performing,100
1271,2020-08-15,Performing,42
1272,2020-08-16,Performing,64
1273,2020-08-17,Performing,32
1274,2020-05-19,Architecture,89
1275,2020-05-20,Architecture,83
1276,2020-05-21,Architecture,79
1277,2020-05-22,Architecture,69
1278,2020-05-23,Architecture,55
1279,2020-05-24,Architecture,47
1280,2020-05-25,Architecture,65
1281,2020-05-26,Architecture,73
1282,2020-05-27,Architecture,82
1283,2020-05-28,Architecture,69
1284,2020-05-29,Architecture,64
1285,2020-05-30,Architecture,64
1286,2020-05-31,Architecture,54
1287,2020-06-01,Architecture,71
1288,2020-06-02,Architecture,85
1289,2020-06-03,Architecture,78
1290,2020-06-04,Architecture,78
1291,2020-06-05,Architecture,69
1292,2020-06-06,Architecture,78
1293,2020-06-07,Architecture,69
1294,2020-06-08,Architecture,79
1295,2020-06-09,Architecture,81
1296,2020-06-10,Architecture,84
1297,2020-06-11,Architecture,78
1298,2020-06-12,Architecture,78
1299,2020-06-13,Architecture,75
1300,2020-06-14,Architecture,56
1301,2020-06-15,Architecture,84
1302,2020-06-16,Architecture,98
1303,2020-06-17,Architecture,75
1304,2020-06-18,Architecture,92
1305,2020-06-19,Architecture,88
1306,2020-06-20,Architecture,51
1307,2020-06-21,Architecture,65
1308,2020-06-22,Architecture,71
1309,2020-06-23,Architecture,77
1310,2020-06-24,Architecture,60
1311,2020-06-25,Architecture,66
1312,2020-06-26,Architecture,63
1313,2020-06-27,Architecture,58
1314,2020-06-28,Architecture,44
1315,2020-06-29,Architecture,77
1316,2020-06-30,Architecture,75
1317,2020-07-01,Architecture,76
1318,2020-07-02,Architecture,78
1319,2020-07-03,Architecture,76
1320,2020-07-04,Architecture,52
1321,2020-07-05,Architecture,56
1322,2020-07-06,Architecture,100
1323,2020-07-07,Architecture,73
1324,2020-07-08,Architecture,82
1325,2020-07-09,Architecture,84
1326,2020-07-10,Architecture,78
1327,2020-07-11,Architecture,47
1328,2020-07-12,Architecture,54
1329,2020-07-13,Architecture,56
1330,2020-07-14,Architecture,81
1331,2020-07-15,Architecture,83
1332,2020-07-16,Architecture,82
1333,2020-07-17,Architecture,75
1334,2020-07-18,Architecture,48
1335,2020-07-19,Architecture,60
1336,2020-07-20,Architecture,77
1337,2020-07-21,Architecture,72
1338,2020-07-22,Architecture,83
1339,2020-07-23,Architecture,73
1340,2020-07-24,Architecture,75
1341,2020-07-25,Architecture,51
1342,2020-07-26,Architecture,35
1343,2020-07-27,Architecture,75
1344,2020-07-28,Architecture,68
1345,2020-07-29,Architecture,66
1346,2020-07-30,Architecture,77
1347,2020-07-31,Architecture,59
1348,2020-08-01,Architecture,44
1349,2020-08-02,Architecture,46
1350,2020-08-03,Architecture,66
1351,2020-08-04,Architecture,90
1352,2020-08-05,Architecture,75
1353,2020-08-06,Architecture,83
1354,2020-08-07,Architecture,58
1355,2020-08-08,Architecture,57
1356,2020-08-09,Architecture,56
1357,2020-08-10,Architecture,65
1358,2020-08-11,Architecture,71
1359,2020-08-12,Architecture,75
1360,2020-08-13,Architecture,88
1361,2020-08-14,Architecture,58
1362,2020-08-15,Architecture,58
1363,2020-08-16,Architecture,70
1364,2020-08-17,Architecture,78
1365,2020-05-19,Gallery,60
1366,2020-05-20,Gallery,64
1367,2020-05-21,Gallery,76
1368,2020-05-22,Gallery,73
1369,2020-05-23,Gallery,64
1370,2020-05-24,Gallery,72
1371,2020-05-25,Gallery,58
1372,2020-05-26,Gallery,65
1373,2020-05-27,Gallery,58
1374,2020-05-28,Gallery,69
1375,2020-05-29,Gallery,73
1376,2020-05-30,Gallery,55
1377,2020-05-31,Gallery,61
1378,2020-06-01,Gallery,67
1379,2020-06-02,Gallery,60
1380,2020-06-03,Gallery,70
1381,2020-06-04,Gallery,69
1382,2020-06-05,Gallery,68
1383,2020-06-06,Gallery,73
1384,2020-06-07,Gallery,66
1385,2020-06-08,Gallery,61
1386,2020-06-09,Gallery,72
1387,2020-06-10,Gallery,75
1388,2020-06-11,Gallery,77
1389,2020-06-12,Gallery,64
1390,2020-06-13,Gallery,69
1391,2020-06-14,Gallery,66
1392,2020-06-15,Gallery,65
1393,2020-06-16,Gallery,63
1394,2020-06-17,Gallery,69
1395,2020-06-18,Gallery,73
1396,2020-06-19,Gallery,62
1397,2020-06-20,Gallery,71
1398,2020-06-21,Gallery,62
1399,2020-06-22,Gallery,63
1400,2020-06-23,Gallery,81
1401,2020-06-24,Gallery,64
1402,2020-06-25,Gallery,58
1403,2020-06-26,Gallery,76
1404,2020-06-27,Gallery,68
1405,2020-06-28,Gallery,75
1406,2020-06-29,Gallery,71
1407,2020-06-30,Gallery,80
1408,2020-07-01,Gallery,78
1409,2020-07-02,Gallery,81
1410,2020-07-03,Gallery,83
1411,2020-07-04,Gallery,95
1412,2020-07-05,Gallery,84
1413,2020-07-06,Gallery,87
1414,2020-07-07,Gallery,87
1415,2020-07-08,Gallery,88
1416,2020-07-09,Gallery,84
1417,2020-07-10,Gallery,68
1418,2020-07-11,Gallery,98
1419,2020-07-12,Gallery,69
1420,2020-07-13,Gallery,74
1421,2020-07-14,Gallery,88
1422,2020-07-15,Gallery,76
1423,2020-07-16,Gallery,80
1424,2020-07-17,Gallery,77
1425,2020-07-18,Gallery,81
1426,2020-07-19,Gallery,88
1427,2020-07-20,Gallery,89
1428,2020-07-21,Gallery,81
1429,2020-07-22,Gallery,80
1430,2020-07-23,Gallery,92
1431,2020-07-24,Gallery,94
1432,2020-07-25,Gallery,86
1433,2020-07-26,Gallery,87
1434,2020-07-27,Gallery,91
1435,2020-07-28,Gallery,87
1436,2020-07-29,Gallery,82
1437,2020-07-30,Gallery,82
1438,2020-07-31,Gallery,75
1439,2020-08-01,Gallery,84
1440,2020-08-02,Gallery,90
1441,2020-08-03,Gallery,77
1442,2020-08-04,Gallery,81
1443,2020-08-05,Gallery,84
1444,2020-08-06,Gallery,94
1445,2020-08-07,Gallery,72
1446,2020-08-08,Gallery,91
1447,2020-08-09,Gallery,71
1448,2020-08-10,Gallery,84
1449,2020-08-11,Gallery,85
1450,2020-08-12,Gallery,84
1451,2020-08-13,Gallery,91
1452,2020-08-14,Gallery,99
1453,2020-08-15,Gallery,100
1454,2020-08-16,Gallery,98
1455,2020-08-17,Gallery,87
1456,2020-05-19,Visual,85
1457,2020-05-20,Visual,100
1458,2020-05-21,Visual,93
1459,2020-05-22,Visual,71
1460,2020-05-23,Visual,64
1461,2020-05-24,Visual,54
1462,2020-05-25,Visual,64
1463,2020-05-26,Visual,86
1464,2020-05-27,Visual,79
1465,2020-05-28,Visual,87
1466,2020-05-29,Visual,70
1467,2020-05-30,Visual,46
1468,2020-05-31,Visual,61
1469,2020-06-01,Visual,92
1470,2020-06-02,Visual,82
1471,2020-06-03,Visual,85
1472,2020-06-04,Visual,81
1473,2020-06-05,Visual,72
1474,2020-06-06,Visual,56
1475,2020-06-07,Visual,59
1476,2020-06-08,Visual,83
1477,2020-06-09,Visual,82
1478,2020-06-10,Visual,93
1479,2020-06-11,Visual,78
1480,2020-06-12,Visual,90
1481,2020-06-13,Visual,56
1482,2020-06-14,Visual,56
1483,2020-06-15,Visual,80
1484,2020-06-16,Visual,90
1485,2020-06-17,Visual,87
1486,2020-06-18,Visual,98
1487,2020-06-19,Visual,78
1488,2020-06-20,Visual,42
1489,2020-06-21,Visual,55
1490,2020-06-22,Visual,76
1491,2020-06-23,Visual,80
1492,2020-06-24,Visual,78
1493,2020-06-25,Visual,88
1494,2020-06-26,Visual,72
1495,2020-06-27,Visual,55
1496,2020-06-28,Visual,48
1497,2020-06-29,Visual,86
1498,2020-06-30,Visual,74
1499,2020-07-01,Visual,92
1500,2020-07-02,Visual,72
1501,2020-07-03,Visual,91
1502,2020-07-04,Visual,52
1503,2020-07-05,Visual,54
1504,2020-07-06,Visual,84
1505,2020-07-07,Visual,96
1506,2020-07-08,Visual,80
1507,2020-07-09,Visual,97
1508,2020-07-10,Visual,85
1509,2020-07-11,Visual,62
1510,2020-07-12,Visual,42
1511,2020-07-13,Visual,73
1512,2020-07-14,Visual,92
1513,2020-07-15,Visual,85
1514,2020-07-16,Visual,86
1515,2020-07-17,Visual,80
1516,2020-07-18,Visual,54
1517,2020-07-19,Visual,55
1518,2020-07-20,Visual,73
1519,2020-07-21,Visual,81
1520,2020-07-22,Visual,81
1521,2020-07-23,Visual,75
1522,2020-07-24,Visual,74
1523,2020-07-25,Visual,64
1524,2020-07-26,Visual,43
1525,2020-07-27,Visual,74
1526,2020-07-28,Visual,72
1527,2020-07-29,Visual,84
1528,2020-07-30,Visual,73
1529,2020-07-31,Visual,66
1530,2020-08-01,Visual,44
1531,2020-08-02,Visual,53
1532,2020-08-03,Visual,78
1533,2020-08-04,Visual,85
1534,2020-08-05,Visual,77
1535,2020-08-06,Visual,84
1536,2020-08-07,Visual,63
1537,2020-08-08,Visual,53
1538,2020-08-09,Visual,45
1539,2020-08-10,Visual,61
1540,2020-08-11,Visual,81
1541,2020-08-12,Visual,94
1542,2020-08-13,Visual,77
1543,2020-08-14,Visual,72
1544,2020-08-15,Visual,51
1545,2020-08-16,Visual,42
1546,2020-08-17,Visual,67
1547,2020-05-19,Visual,85
1548,2020-05-20,Visual,100
1549,2020-05-21,Visual,93
1550,2020-05-22,Visual,71
1551,2020-05-23,Visual,64
1552,2020-05-24,Visual,54
1553,2020-05-25,Visual,64
1554,2020-05-26,Visual,86
1555,2020-05-27,Visual,79
1556,2020-05-28,Visual,87
1557,2020-05-29,Visual,70
1558,2020-05-30,Visual,46
1559,2020-05-31,Visual,61
1560,2020-06-01,Visual,92
1561,2020-06-02,Visual,82
1562,2020-06-03,Visual,85
1563,2020-06-04,Visual,81
1564,2020-06-05,Visual,72
1565,2020-06-06,Visual,56
1566,2020-06-07,Visual,59
1567,2020-06-08,Visual,83
1568,2020-06-09,Visual,82
1569,2020-06-10,Visual,93
1570,2020-06-11,Visual,78
1571,2020-06-12,Visual,90
1572,2020-06-13,Visual,56
1573,2020-06-14,Visual,56
1574,2020-06-15,Visual,80
1575,2020-06-16,Visual,90
1576,2020-06-17,Visual,87
1577,2020-06-18,Visual,98
1578,2020-06-19,Visual,78
1579,2020-06-20,Visual,42
1580,2020-06-21,Visual,55
1581,2020-06-22,Visual,76
1582,2020-06-23,Visual,80
1583,2020-06-24,Visual,78
1584,2020-06-25,Visual,88
1585,2020-06-26,Visual,72
1586,2020-06-27,Visual,55
1587,2020-06-28,Visual,48
1588,2020-06-29,Visual,86
1589,2020-06-30,Visual,74
1590,2020-07-01,Visual,92
1591,2020-07-02,Visual,72
1592,2020-07-03,Visual,91
1593,2020-07-04,Visual,52
1594,2020-07-05,Visual,54
1595,2020-07-06,Visual,84
1596,2020-07-07,Visual,96
1597,2020-07-08,Visual,80
1598,2020-07-09,Visual,97
1599,2020-07-10,Visual,85
1600,2020-07-11,Visual,62
1601,2020-07-12,Visual,42
1602,2020-07-13,Visual,73
1603,2020-07-14,Visual,92
1604,2020-07-15,Visual,85
1605,2020-07-16,Visual,86
1606,2020-07-17,Visual,80
1607,2020-07-18,Visual,54
1608,2020-07-19,Visual,55
1609,2020-07-20,Visual,73
1610,2020-07-21,Visual,81
1611,2020-07-22,Visual,81
1612,2020-07-23,Visual,75
1613,2020-07-24,Visual,74
1614,2020-07-25,Visual,64
1615,2020-07-26,Visual,43
1616,2020-07-27,Visual,74
1617,2020-07-28,Visual,72
1618,2020-07-29,Visual,84
1619,2020-07-30,Visual,73
1620,2020-07-31,Visual,66
1621,2020-08-01,Visual,44
1622,2020-08-02,Visual,53
1623,2020-08-03,Visual,78
1624,2020-08-04,Visual,85
1625,2020-08-05,Visual,77
1626,2020-08-06,Visual,84
1627,2020-08-07,Visual,63
1628,2020-08-08,Visual,53
1629,2020-08-09,Visual,45
1630,2020-08-10,Visual,61
1631,2020-08-11,Visual,81
1632,2020-08-12,Visual,94
1633,2020-08-13,Visual,77
1634,2020-08-14,Visual,72
1635,2020-08-15,Visual,51
1636,2020-08-16,Visual,42
1637,2020-08-17,Visual,67
1638,2020-05-19,Culinary,60
1639,2020-05-20,Culinary,56
1640,2020-05-21,Culinary,61
1641,2020-05-22,Culinary,32
1642,2020-05-23,Culinary,45
1643,2020-05-24,Culinary,36
1644,2020-05-25,Culinary,63
1645,2020-05-26,Culinary,28
1646,2020-05-27,Culinary,84
1647,2020-05-28,Culinary,45
1648,2020-05-29,Culinary,47
1649,2020-05-30,Culinary,63
1650,2020-05-31,Culinary,38
1651,2020-06-01,Culinary,27
1652,2020-06-02,Culinary,43
1653,2020-06-03,Culinary,43
1654,2020-06-04,Culinary,40
1655,2020-06-05,Culinary,72
1656,2020-06-06,Culinary,51
1657,2020-06-07,Culinary,76
1658,2020-06-08,Culinary,40
1659,2020-06-09,Culinary,62
1660,2020-06-10,Culinary,31
1661,2020-06-11,Culinary,66
1662,2020-06-12,Culinary,85
1663,2020-06-13,Culinary,62
1664,2020-06-14,Culinary,49
1665,2020-06-15,Culinary,48
1666,2020-06-16,Culinary,52
1667,2020-06-17,Culinary,26
1668,2020-06-18,Culinary,36
1669,2020-06-19,Culinary,48
1670,2020-06-20,Culinary,43
1671,2020-06-21,Culinary,84
1672,2020-06-22,Culinary,28
1673,2020-06-23,Culinary,44
1674,2020-06-24,Culinary,40
1675,2020-06-25,Culinary,68
1676,2020-06-26,Culinary,66
1677,2020-06-27,Culinary,62
1678,2020-06-28,Culinary,67
1679,2020-06-29,Culinary,58
1680,2020-06-30,Culinary,16
1681,2020-07-01,Culinary,49
1682,2020-07-02,Culinary,59
1683,2020-07-03,Culinary,48
1684,2020-07-04,Culinary,83
1685,2020-07-05,Culinary,72
1686,2020-07-06,Culinary,72
1687,2020-07-07,Culinary,60
1688,2020-07-08,Culinary,22
1689,2020-07-09,Culinary,33
1690,2020-07-10,Culinary,47
1691,2020-07-11,Culinary,73
1692,2020-07-12,Culinary,66
1693,2020-07-13,Culinary,28
1694,2020-07-14,Culinary,85
1695,2020-07-15,Culinary,51
1696,2020-07-16,Culinary,35
1697,2020-07-17,Culinary,43
1698,2020-07-18,Culinary,52
1699,2020-07-19,Culinary,52
1700,2020-07-20,Culinary,41
1701,2020-07-21,Culinary,49
1702,2020-07-22,Culinary,47
1703,2020-07-23,Culinary,54
1704,2020-07-24,Culinary,31
1705,2020-07-25,Culinary,90
1706,2020-07-26,Culinary,51
1707,2020-07-27,Culinary,40
1708,2020-07-28,Culinary,77
1709,2020-07-29,Culinary,50
1710,2020-07-30,Culinary,44
1711,2020-07-31,Culinary,66
1712,2020-08-01,Culinary,80
1713,2020-08-02,Culinary,67
1714,2020-08-03,Culinary,47
1715,2020-08-04,Culinary,51
1716,2020-08-05,Culinary,100
1717,2020-08-06,Culinary,43
1718,2020-08-07,Culinary,38
1719,2020-08-08,Culinary,28
1720,2020-08-09,Culinary,74
1721,2020-08-10,Culinary,65
1722,2020-08-11,Culinary,41
1723,2020-08-12,Culinary,43
1724,2020-08-13,Culinary,53
1725,2020-08-14,Culinary,49
1726,2020-08-15,Culinary,39
1727,2020-08-16,Culinary,76
1728,2020-08-17,Culinary,65
1729,2020-05-19,Exhibition,51
1730,2020-05-20,Exhibition,50
1731,2020-05-21,Exhibition,45
1732,2020-05-22,Exhibition,56
1733,2020-05-23,Exhibition,27
1734,2020-05-24,Exhibition,60
1735,2020-05-25,Exhibition,35
1736,2020-05-26,Exhibition,36
1737,2020-05-27,Exhibition,47
1738,2020-05-28,Exhibition,36
1739,2020-05-29,Exhibition,56
1740,2020-05-30,Exhibition,38
1741,2020-05-31,Exhibition,100
1742,2020-06-01,Exhibition,50
1743,2020-06-02,Exhibition,62
1744,2020-06-03,Exhibition,61
1745,2020-06-04,Exhibition,52
1746,2020-06-05,Exhibition,43
1747,2020-06-06,Exhibition,44
1748,2020-06-07,Exhibition,43
1749,2020-06-08,Exhibition,42
1750,2020-06-09,Exhibition,48
1751,2020-06-10,Exhibition,55
1752,2020-06-11,Exhibition,51
1753,2020-06-12,Exhibition,57
1754,2020-06-13,Exhibition,33
1755,2020-06-14,Exhibition,46
1756,2020-06-15,Exhibition,51
1757,2020-06-16,Exhibition,58
1758,2020-06-17,Exhibition,50
1759,2020-06-18,Exhibition,38
1760,2020-06-19,Exhibition,48
1761,2020-06-20,Exhibition,60
1762,2020-06-21,Exhibition,39
1763,2020-06-22,Exhibition,45
1764,2020-06-23,Exhibition,60
1765,2020-06-24,Exhibition,49
1766,2020-06-25,Exhibition,38
1767,2020-06-26,Exhibition,48
1768,2020-06-27,Exhibition,58
1769,2020-06-28,Exhibition,55
1770,2020-06-29,Exhibition,47
1771,2020-06-30,Exhibition,67
1772,2020-07-01,Exhibition,64
1773,2020-07-02,Exhibition,61
1774,2020-07-03,Exhibition,49
1775,2020-07-04,Exhibition,68
1776,2020-07-05,Exhibition,62
1777,2020-07-06,Exhibition,45
1778,2020-07-07,Exhibition,52
1779,2020-07-08,Exhibition,79
1780,2020-07-09,Exhibition,69
1781,2020-07-10,Exhibition,48
1782,2020-07-11,Exhibition,56
1783,2020-07-12,Exhibition,40
1784,2020-07-13,Exhibition,55
1785,2020-07-14,Exhibition,63
1786,2020-07-15,Exhibition,49
1787,2020-07-16,Exhibition,46
1788,2020-07-17,Exhibition,50
1789,2020-07-18,Exhibition,51
1790,2020-07-19,Exhibition,60
1791,2020-07-20,Exhibition,58
1792,2020-07-21,Exhibition,52
1793,2020-07-22,Exhibition,54
1794,2020-07-23,Exhibition,73
1795,2020-07-24,Exhibition,43
1796,2020-07-25,Exhibition,41
1797,2020-07-26,Exhibition,61
1798,2020-07-27,Exhibition,57
1799,2020-07-28,Exhibition,55
1800,2020-07-29,Exhibition,64
1801,2020-07-30,Exhibition,63
1802,2020-07-31,Exhibition,68
1803,2020-08-01,Exhibition,62
1804,2020-08-02,Exhibition,61
1805,2020-08-03,Exhibition,56
1806,2020-08-04,Exhibition,62
1807,2020-08-05,Exhibition,54
1808,2020-08-06,Exhibition,75
1809,2020-08-07,Exhibition,80
1810,2020-08-08,Exhibition,54
1811,2020-08-09,Exhibition,62
1812,2020-08-10,Exhibition,68
1813,2020-08-11,Exhibition,59
1814,2020-08-12,Exhibition,48
1815,2020-08-13,Exhibition,57
1816,2020-08-14,Exhibition,73
1817,2020-08-15,Exhibition,75
1818,2020-08-16,Exhibition,51
1819,2020-08-17,Exhibition,72
1820,2020-05-19,Maison,64
1821,2020-05-20,Maison,80
1822,2020-05-21,Maison,56
1823,2020-05-22,Maison,84
1824,2020-05-23,Maison,90
1825,2020-05-24,Maison,79
1826,2020-05-25,Maison,69
1827,2020-05-26,Maison,72
1828,2020-05-27,Maison,83
1829,2020-05-28,Maison,66
1830,2020-05-29,Maison,61
1831,2020-05-30,Maison,75
1832,2020-05-31,Maison,98
1833,2020-06-01,Maison,85
1834,2020-06-02,Maison,63
1835,2020-06-03,Maison,66
1836,2020-06-04,Maison,83
1837,2020-06-05,Maison,58
1838,2020-06-06,Maison,84
1839,2020-06-07,Maison,77
1840,2020-06-08,Maison,74
1841,2020-06-09,Maison,82
1842,2020-06-10,Maison,80
1843,2020-06-11,Maison,82
1844,2020-06-12,Maison,79
1845,2020-06-13,Maison,60
1846,2020-06-14,Maison,79
1847,2020-06-15,Maison,72
1848,2020-06-16,Maison,87
1849,2020-06-17,Maison,75
1850,2020-06-18,Maison,81
1851,2020-06-19,Maison,92
1852,2020-06-20,Maison,91
1853,2020-06-21,Maison,93
1854,2020-06-22,Maison,79
1855,2020-06-23,Maison,89
1856,2020-06-24,Maison,61
1857,2020-06-25,Maison,70
1858,2020-06-26,Maison,82
1859,2020-06-27,Maison,90
1860,2020-06-28,Maison,82
1861,2020-06-29,Maison,83
1862,2020-06-30,Maison,71
1863,2020-07-01,Maison,83
1864,2020-07-02,Maison,84
1865,2020-07-03,Maison,84
1866,2020-07-04,Maison,100
1867,2020-07-05,Maison,95
1868,2020-07-06,Maison,80
1869,2020-07-07,Maison,86
1870,2020-07-08,Maison,94
1871,2020-07-09,Maison,85
1872,2020-07-10,Maison,74
1873,2020-07-11,Maison,73
1874,2020-07-12,Maison,79
1875,2020-07-13,Maison,97
1876,2020-07-14,Maison,75
1877,2020-07-15,Maison,78
1878,2020-07-16,Maison,80
1879,2020-07-17,Maison,84
1880,2020-07-18,Maison,80
1881,2020-07-19,Maison,85
1882,2020-07-20,Maison,86
1883,2020-07-21,Maison,98
1884,2020-07-22,Maison,96
1885,2020-07-23,Maison,87
1886,2020-07-24,Maison,71
1887,2020-07-25,Maison,83
1888,2020-07-26,Maison,79
1889,2020-07-27,Maison,89
1890,2020-07-28,Maison,84
1891,2020-07-29,Maison,85
1892,2020-07-30,Maison,63
1893,2020-07-31,Maison,75
1894,2020-08-01,Maison,81
1895,2020-08-02,Maison,94
1896,2020-08-03,Maison,87
1897,2020-08-04,Maison,80
1898,2020-08-05,Maison,78
1899,2020-08-06,Maison,74
1900,2020-08-07,Maison,80
1901,2020-08-08,Maison,82
1902,2020-08-09,Maison,95
1903,2020-08-10,Maison,76
1904,2020-08-11,Maison,81
1905,2020-08-12,Maison,99
1906,2020-08-13,Maison,84
1907,2020-08-14,Maison,93
1908,2020-08-15,Maison,87
1909,2020-08-16,Maison,94
1910,2020-08-17,Maison,95
1911,2020-05-19,Visual,85
1912,2020-05-20,Visual,100
1913,2020-05-21,Visual,93
1914,2020-05-22,Visual,71
1915,2020-05-23,Visual,64
1916,2020-05-24,Visual,54
1917,2020-05-25,Visual,64
1918,2020-05-26,Visual,86
1919,2020-05-27,Visual,79
1920,2020-05-28,Visual,87
1921,2020-05-29,Visual,70
1922,2020-05-30,Visual,46
1923,2020-05-31,Visual,61
1924,2020-06-01,Visual,92
1925,2020-06-02,Visual,82
1926,2020-06-03,Visual,85
1927,2020-06-04,Visual,81
1928,2020-06-05,Visual,72
1929,2020-06-06,Visual,56
1930,2020-06-07,Visual,59
1931,2020-06-08,Visual,83
1932,2020-06-09,Visual,82
1933,2020-06-10,Visual,93
1934,2020-06-11,Visual,78
1935,2020-06-12,Visual,90
1936,2020-06-13,Visual,56
1937,2020-06-14,Visual,56
1938,2020-06-15,Visual,80
1939,2020-06-16,Visual,90
1940,2020-06-17,Visual,87
1941,2020-06-18,Visual,98
1942,2020-06-19,Visual,78
1943,2020-06-20,Visual,42
1944,2020-06-21,Visual,55
1945,2020-06-22,Visual,76
1946,2020-06-23,Visual,80
1947,2020-06-24,Visual,78
1948,2020-06-25,Visual,88
1949,2020-06-26,Visual,72
1950,2020-06-27,Visual,55
1951,2020-06-28,Visual,48
1952,2020-06-29,Visual,86
1953,2020-06-30,Visual,74
1954,2020-07-01,Visual,92
1955,2020-07-02,Visual,72
1956,2020-07-03,Visual,91
1957,2020-07-04,Visual,52
1958,2020-07-05,Visual,54
1959,2020-07-06,Visual,84
1960,2020-07-07,Visual,96
1961,2020-07-08,Visual,80
1962,2020-07-09,Visual,97
1963,2020-07-10,Visual,85
1964,2020-07-11,Visual,62
1965,2020-07-12,Visual,42
1966,2020-07-13,Visual,73
1967,2020-07-14,Visual,92
1968,2020-07-15,Visual,85
1969,2020-07-16,Visual,86
1970,2020-07-17,Visual,80
1971,2020-07-18,Visual,54
1972,2020-07-19,Visual,55
1973,2020-07-20,Visual,73
1974,2020-07-21,Visual,81
1975,2020-07-22,Visual,81
1976,2020-07-23,Visual,75
1977,2020-07-24,Visual,74
1978,2020-07-25,Visual,64
1979,2020-07-26,Visual,43
1980,2020-07-27,Visual,74
1981,2020-07-28,Visual,72
1982,2020-07-29,Visual,84
1983,2020-07-30,Visual,73
1984,2020-07-31,Visual,66
1985,2020-08-01,Visual,44
1986,2020-08-02,Visual,53
1987,2020-08-03,Visual,78
1988,2020-08-04,Visual,85
1989,2020-08-05,Visual,77
1990,2020-08-06,Visual,84
1991,2020-08-07,Visual,63
1992,2020-08-08,Visual,53
1993,2020-08-09,Visual,45
1994,2020-08-10,Visual,61
1995,2020-08-11,Visual,81
1996,2020-08-12,Visual,94
1997,2020-08-13,Visual,77
1998,2020-08-14,Visual,72
1999,2020-08-15,Visual,51
2000,2020-08-16,Visual,42
2001,2020-08-17,Visual,67
2002,2020-05-19,Visual,85
2003,2020-05-20,Visual,100
2004,2020-05-21,Visual,93
2005,2020-05-22,Visual,71
2006,2020-05-23,Visual,64
2007,2020-05-24,Visual,54
2008,2020-05-25,Visual,64
2009,2020-05-26,Visual,86
2010,2020-05-27,Visual,79
2011,2020-05-28,Visual,87
2012,2020-05-29,Visual,70
2013,2020-05-30,Visual,46
2014,2020-05-31,Visual,61
2015,2020-06-01,Visual,92
2016,2020-06-02,Visual,82
2017,2020-06-03,Visual,85
2018,2020-06-04,Visual,81
2019,2020-06-05,Visual,72
2020,2020-06-06,Visual,56
2021,2020-06-07,Visual,59
2022,2020-06-08,Visual,83
2023,2020-06-09,Visual,82
2024,2020-06-10,Visual,93
2025,2020-06-11,Visual,78
2026,2020-06-12,Visual,90
2027,2020-06-13,Visual,56
2028,2020-06-14,Visual,56
2029,2020-06-15,Visual,80
2030,2020-06-16,Visual,90
2031,2020-06-17,Visual,87
2032,2020-06-18,Visual,98
2033,2020-06-19,Visual,78
2034,2020-06-20,Visual,42
2035,2020-06-21,Visual,55
2036,2020-06-22,Visual,76
2037,2020-06-23,Visual,80
2038,2020-06-24,Visual,78
2039,2020-06-25,Visual,88
2040,2020-06-26,Visual,72
2041,2020-06-27,Visual,55
2042,2020-06-28,Visual,48
2043,2020-06-29,Visual,86
2044,2020-06-30,Visual,74
2045,2020-07-01,Visual,92
2046,2020-07-02,Visual,72
2047,2020-07-03,Visual,91
2048,2020-07-04,Visual,52
2049,2020-07-05,Visual,54
2050,2020-07-06,Visual,84
2051,2020-07-07,Visual,96
2052,2020-07-08,Visual,80
2053,2020-07-09,Visual,97
2054,2020-07-10,Visual,85
2055,2020-07-11,Visual,62
2056,2020-07-12,Visual,42
2057,2020-07-13,Visual,73
2058,2020-07-14,Visual,92
2059,2020-07-15,Visual,85
2060,2020-07-16,Visual,86
2061,2020-07-17,Visual,80
2062,2020-07-18,Visual,54
2063,2020-07-19,Visual,55
2064,2020-07-20,Visual,73
2065,2020-07-21,Visual,81
2066,2020-07-22,Visual,81
2067,2020-07-23,Visual,75
2068,2020-07-24,Visual,74
2069,2020-07-25,Visual,64
2070,2020-07-26,Visual,43
2071,2020-07-27,Visual,74
2072,2020-07-28,Visual,72
2073,2020-07-29,Visual,84
2074,2020-07-30,Visual,73
2075,2020-07-31,Visual,66
2076,2020-08-01,Visual,44
2077,2020-08-02,Visual,53
2078,2020-08-03,Visual,78
2079,2020-08-04,Visual,85
2080,2020-08-05,Visual,77
2081,2020-08-06,Visual,84
2082,2020-08-07,Visual,63
2083,2020-08-08,Visual,53
2084,2020-08-09,Visual,45
2085,2020-08-10,Visual,61
2086,2020-08-11,Visual,81
2087,2020-08-12,Visual,94
2088,2020-08-13,Visual,77
2089,2020-08-14,Visual,72
2090,2020-08-15,Visual,51
2091,2020-08-16,Visual,42
2092,2020-08-17,Visual,67
2093,2020-05-19,Curator,56
2094,2020-05-20,Curator,19
2095,2020-05-21,Curator,32
2096,2020-05-22,Curator,42
2097,2020-05-23,Curator,19
2098,2020-05-24,Curator,14
2099,2020-05-25,Curator,29
2100,2020-05-26,Curator,32
2101,2020-05-27,Curator,51
2102,2020-05-28,Curator,45
2103,2020-05-29,Curator,33
2104,2020-05-30,Curator,14
2105,2020-05-31,Curator,57
2106,2020-06-01,Curator,44
2107,2020-06-02,Curator,18
2108,2020-06-03,Curator,22
2109,2020-06-04,Curator,52
2110,2020-06-05,Curator,29
2111,2020-06-06,Curator,32
2112,2020-06-07,Curator,94
2113,2020-06-08,Curator,29
2114,2020-06-09,Curator,29
2115,2020-06-10,Curator,53
2116,2020-06-11,Curator,35
2117,2020-06-12,Curator,18
2118,2020-06-13,Curator,14
2119,2020-06-14,Curator,14
2120,2020-06-15,Curator,37
2121,2020-06-16,Curator,41
2122,2020-06-17,Curator,78
2123,2020-06-18,Curator,30
2124,2020-06-19,Curator,18
2125,2020-06-20,Curator,0
2126,2020-06-21,Curator,41
2127,2020-06-22,Curator,38
2128,2020-06-23,Curator,25
2129,2020-06-24,Curator,52
2130,2020-06-25,Curator,26
2131,2020-06-26,Curator,32
2132,2020-06-27,Curator,26
2133,2020-06-28,Curator,64
2134,2020-06-29,Curator,24
2135,2020-06-30,Curator,37
2136,2020-07-01,Curator,25
2137,2020-07-02,Curator,30
2138,2020-07-03,Curator,18
2139,2020-07-04,Curator,14
2140,2020-07-05,Curator,41
2141,2020-07-06,Curator,25
2142,2020-07-07,Curator,31
2143,2020-07-08,Curator,13
2144,2020-07-09,Curator,0
2145,2020-07-10,Curator,54
2146,2020-07-11,Curator,38
2147,2020-07-12,Curator,23
2148,2020-07-13,Curator,26
2149,2020-07-14,Curator,52
2150,2020-07-15,Curator,39
2151,2020-07-16,Curator,54
2152,2020-07-17,Curator,49
2153,2020-07-18,Curator,22
2154,2020-07-19,Curator,59
2155,2020-07-20,Curator,27
2156,2020-07-21,Curator,42
2157,2020-07-22,Curator,54
2158,2020-07-23,Curator,41
2159,2020-07-24,Curator,100
2160,2020-07-25,Curator,15
2161,2020-07-26,Curator,15
2162,2020-07-27,Curator,32
2163,2020-07-28,Curator,41
2164,2020-07-29,Curator,28
2165,2020-07-30,Curator,43
2166,2020-07-31,Curator,15
2167,2020-08-01,Curator,38
2168,2020-08-02,Curator,46
2169,2020-08-03,Curator,14
2170,2020-08-04,Curator,39
2171,2020-08-05,Curator,20
2172,2020-08-06,Curator,42
2173,2020-08-07,Curator,29
2174,2020-08-08,Curator,63
2175,2020-08-09,Curator,39
2176,2020-08-10,Curator,34
2177,2020-08-11,Curator,34
2178,2020-08-12,Curator,49
2179,2020-08-13,Curator,40
2180,2020-08-14,Curator,42
2181,2020-08-15,Curator,75
2182,2020-08-16,Curator,14
2183,2020-08-17,Curator,47
2184,2020-05-19,Royale,15
2185,2020-05-20,Royale,15
2186,2020-05-21,Royale,22
2187,2020-05-22,Royale,20
2188,2020-05-23,Royale,17
2189,2020-05-24,Royale,17
2190,2020-05-25,Royale,18
2191,2020-05-26,Royale,20
2192,2020-05-27,Royale,17
2193,2020-05-28,Royale,14
2194,2020-05-29,Royale,16
2195,2020-05-30,Royale,15
2196,2020-05-31,Royale,13
2197,2020-06-01,Royale,16
2198,2020-06-02,Royale,14
2199,2020-06-03,Royale,16
2200,2020-06-04,Royale,13
2201,2020-06-05,Royale,15
2202,2020-06-06,Royale,100
2203,2020-06-07,Royale,23
2204,2020-06-08,Royale,17
2205,2020-06-09,Royale,14
2206,2020-06-10,Royale,14
2207,2020-06-11,Royale,14
2208,2020-06-12,Royale,21
2209,2020-06-13,Royale,21
2210,2020-06-14,Royale,20
2211,2020-06-15,Royale,14
2212,2020-06-16,Royale,16
2213,2020-06-17,Royale,20
2214,2020-06-18,Royale,14
2215,2020-06-19,Royale,23
2216,2020-06-20,Royale,21
2217,2020-06-21,Royale,19
2218,2020-06-22,Royale,16
2219,2020-06-23,Royale,13
2220,2020-06-24,Royale,17
2221,2020-06-25,Royale,16
2222,2020-06-26,Royale,19
2223,2020-06-27,Royale,22
2224,2020-06-28,Royale,19
2225,2020-06-29,Royale,17
2226,2020-06-30,Royale,14
2227,2020-07-01,Royale,13
2228,2020-07-02,Royale,14
2229,2020-07-03,Royale,18
2230,2020-07-04,Royale,19
2231,2020-07-05,Royale,16
2232,2020-07-06,Royale,13
2233,2020-07-07,Royale,14
2234,2020-07-08,Royale,11
2235,2020-07-09,Royale,18
2236,2020-07-10,Royale,15
2237,2020-07-11,Royale,15
2238,2020-07-12,Royale,13
2239,2020-07-13,Royale,16
2240,2020-07-14,Royale,15
2241,2020-07-15,Royale,15
2242,2020-07-16,Royale,14
2243,2020-07-17,Royale,13
2244,2020-07-18,Royale,16
2245,2020-07-19,Royale,14
2246,2020-07-20,Royale,11
2247,2020-07-21,Royale,13
2248,2020-07-22,Royale,12
2249,2020-07-23,Royale,15
2250,2020-07-24,Royale,17
2251,2020-07-25,Royale,17
2252,2020-07-26,Royale,19
2253,2020-07-27,Royale,13
2254,2020-07-28,Royale,13
2255,2020-07-29,Royale,13
2256,2020-07-30,Royale,15
2257,2020-07-31,Royale,12
2258,2020-08-01,Royale,15
2259,2020-08-02,Royale,15
2260,2020-08-03,Royale,13
2261,2020-08-04,Royale,12
2262,2020-08-05,Royale,17
2263,2020-08-06,Royale,15
2264,2020-08-07,Royale,11
2265,2020-08-08,Royale,13
2266,2020-08-09,Royale,14
2267,2020-08-10,Royale,12
2268,2020-08-11,Royale,12
2269,2020-08-12,Royale,13
2270,2020-08-13,Royale,12
2271,2020-08-14,Royale,14
2272,2020-08-15,Royale,15
2273,2020-08-16,Royale,14
2274,2020-08-17,Royale,10
2275,2020-05-19,Academy,61
2276,2020-05-20,Academy,51
2277,2020-05-21,Academy,57
2278,2020-05-22,Academy,56
2279,2020-05-23,Academy,36
2280,2020-05-24,Academy,29
2281,2020-05-25,Academy,34
2282,2020-05-26,Academy,40
2283,2020-05-27,Academy,37
2284,2020-05-28,Academy,36
2285,2020-05-29,Academy,37
2286,2020-05-30,Academy,27
2287,2020-05-31,Academy,35
2288,2020-06-01,Academy,69
2289,2020-06-02,Academy,54
2290,2020-06-03,Academy,54
2291,2020-06-04,Academy,54
2292,2020-06-05,Academy,51
2293,2020-06-06,Academy,30
2294,2020-06-07,Academy,35
2295,2020-06-08,Academy,60
2296,2020-06-09,Academy,58
2297,2020-06-10,Academy,62
2298,2020-06-11,Academy,57
2299,2020-06-12,Academy,54
2300,2020-06-13,Academy,30
2301,2020-06-14,Academy,33
2302,2020-06-15,Academy,62
2303,2020-06-16,Academy,58
2304,2020-06-17,Academy,53
2305,2020-06-18,Academy,63
2306,2020-06-19,Academy,57
2307,2020-06-20,Academy,29
2308,2020-06-21,Academy,31
2309,2020-06-22,Academy,66
2310,2020-06-23,Academy,59
2311,2020-06-24,Academy,57
2312,2020-06-25,Academy,53
2313,2020-06-26,Academy,49
2314,2020-06-27,Academy,32
2315,2020-06-28,Academy,34
2316,2020-06-29,Academy,65
2317,2020-06-30,Academy,60
2318,2020-07-01,Academy,62
2319,2020-07-02,Academy,56
2320,2020-07-03,Academy,53
2321,2020-07-04,Academy,32
2322,2020-07-05,Academy,36
2323,2020-07-06,Academy,60
2324,2020-07-07,Academy,55
2325,2020-07-08,Academy,59
2326,2020-07-09,Academy,57
2327,2020-07-10,Academy,55
2328,2020-07-11,Academy,31
2329,2020-07-12,Academy,35
2330,2020-07-13,Academy,64
2331,2020-07-14,Academy,53
2332,2020-07-15,Academy,55
2333,2020-07-16,Academy,56
2334,2020-07-17,Academy,49
2335,2020-07-18,Academy,30
2336,2020-07-19,Academy,32
2337,2020-07-20,Academy,45
2338,2020-07-21,Academy,43
2339,2020-07-22,Academy,37
2340,2020-07-23,Academy,36
2341,2020-07-24,Academy,38
2342,2020-07-25,Academy,34
2343,2020-07-26,Academy,29
2344,2020-07-27,Academy,41
2345,2020-07-28,Academy,36
2346,2020-07-29,Academy,40
2347,2020-07-30,Academy,40
2348,2020-07-31,Academy,79
2349,2020-08-01,Academy,90
2350,2020-08-02,Academy,100
2351,2020-08-03,Academy,86
2352,2020-08-04,Academy,78
2353,2020-08-05,Academy,76
2354,2020-08-06,Academy,68
2355,2020-08-07,Academy,59
2356,2020-08-08,Academy,63
2357,2020-08-09,Academy,63
2358,2020-08-10,Academy,65
2359,2020-08-11,Academy,65
2360,2020-08-12,Academy,62
2361,2020-08-13,Academy,70
2362,2020-08-14,Academy,63
2363,2020-08-15,Academy,55
2364,2020-08-16,Academy,59
2365,2020-08-17,Academy,70
2366,2020-05-19,Architectural,76
2367,2020-05-20,Architectural,76
2368,2020-05-21,Architectural,85
2369,2020-05-22,Architectural,48
2370,2020-05-23,Architectural,68
2371,2020-05-24,Architectural,52
2372,2020-05-25,Architectural,36
2373,2020-05-26,Architectural,62
2374,2020-05-27,Architectural,84
2375,2020-05-28,Architectural,79
2376,2020-05-29,Architectural,65
2377,2020-05-30,Architectural,54
2378,2020-05-31,Architectural,45
2379,2020-06-01,Architectural,66
2380,2020-06-02,Architectural,47
2381,2020-06-03,Architectural,77
2382,2020-06-04,Architectural,65
2383,2020-06-05,Architectural,44
2384,2020-06-06,Architectural,66
2385,2020-06-07,Architectural,71
2386,2020-06-08,Architectural,81
2387,2020-06-09,Architectural,82
2388,2020-06-10,Architectural,63
2389,2020-06-11,Architectural,79
2390,2020-06-12,Architectural,90
2391,2020-06-13,Architectural,68
2392,2020-06-14,Architectural,50
2393,2020-06-15,Architectural,67
2394,2020-06-16,Architectural,83
2395,2020-06-17,Architectural,66
2396,2020-06-18,Architectural,91
2397,2020-06-19,Architectural,75
2398,2020-06-20,Architectural,68
2399,2020-06-21,Architectural,61
2400,2020-06-22,Architectural,70
2401,2020-06-23,Architectural,59
2402,2020-06-24,Architectural,80
2403,2020-06-25,Architectural,69
2404,2020-06-26,Architectural,80
2405,2020-06-27,Architectural,54
2406,2020-06-28,Architectural,70
2407,2020-06-29,Architectural,69
2408,2020-06-30,Architectural,52
2409,2020-07-01,Architectural,76
2410,2020-07-02,Architectural,77
2411,2020-07-03,Architectural,77
2412,2020-07-04,Architectural,51
2413,2020-07-05,Architectural,57
2414,2020-07-06,Architectural,90
2415,2020-07-07,Architectural,63
2416,2020-07-08,Architectural,64
2417,2020-07-09,Architectural,87
2418,2020-07-10,Architectural,66
2419,2020-07-11,Architectural,54
2420,2020-07-12,Architectural,57
2421,2020-07-13,Architectural,52
2422,2020-07-14,Architectural,90
2423,2020-07-15,Architectural,60
2424,2020-07-16,Architectural,70
2425,2020-07-17,Architectural,75
2426,2020-07-18,Architectural,51
2427,2020-07-19,Architectural,56
2428,2020-07-20,Architectural,92
2429,2020-07-21,Architectural,67
2430,2020-07-22,Architectural,78
2431,2020-07-23,Architectural,78
2432,2020-07-24,Architectural,48
2433,2020-07-25,Architectural,64
2434,2020-07-26,Architectural,46
2435,2020-07-27,Architectural,93
2436,2020-07-28,Architectural,69
2437,2020-07-29,Architectural,81
2438,2020-07-30,Architectural,69
2439,2020-07-31,Architectural,47
2440,2020-08-01,Architectural,51
2441,2020-08-02,Architectural,64
2442,2020-08-03,Architectural,65
2443,2020-08-04,Architectural,44
2444,2020-08-05,Architectural,79
2445,2020-08-06,Architectural,97
2446,2020-08-07,Architectural,52
2447,2020-08-08,Architectural,51
2448,2020-08-09,Architectural,49
2449,2020-08-10,Architectural,48
2450,2020-08-11,Architectural,100
2451,2020-08-12,Architectural,76
2452,2020-08-13,Architectural,79
2453,2020-08-14,Architectural,67
2454,2020-08-15,Architectural,66
2455,2020-08-16,Architectural,30
2456,2020-08-17,Architectural,52
